{"stats":{"minecraft:killed_by":{"iceandfire:siren":1,"minecraft:zombie":2,"alexsmobs:bison":1,"minecraft:piglin":3,"iceandfire:ice_dragon":3,"artifacts:mimic":1,"iceandfire:fire_dragon":17,"minecraft:spider":1,"aquamirae:anglerfish":2,"minecraft:skeleton":6},"minecraft:mined":{"minecraft:dragon_wall_head":1,"minecraft:fire_coral_wall_fan":1,"create:andesite_casing":190,"minecraft:cherry_log":318,"minecraft:obsidian":80,"minecraft:granite":152,"vinery:taiga_grape_bush_red":5,"wildberries:raspberry_bush_stage_3":3,"ends_delight:chorus_succulent":8,"minecraft:deepslate_bricks":1036,"minecraft:hopper":3,"minecraft:tube_coral_block":14,"create:belt":5,"minecraft:oxeye_daisy":3,"minecraft:spawner":18,"minecraft:polished_blackstone_bricks":6,"minecraft:tall_seagrass":1,"minecraft:magma_block":6921,"create:speedometer":8,"minecraft:cobbled_deepslate":161,"minecraft:fire":155,"the_bumblezone:crystalline_flower":5,"minecraft:pumpkin":14,"minecraft:deepslate_lapis_ore":10,"minecraft:sculk_shrieker":16,"iceandfire:gold_pile":394,"create:mechanical_plough":3,"minecraft:cave_vines":3,"minecraft:deepslate_brick_stairs":5,"minecraft:pink_tulip":13,"iceandfire:dread_stone_bricks_cracked":4,"minecraft:blue_orchid":1,"create:veridium":1,"create:mechanical_press":3,"create:limestone":20,"farmersdelight:wild_potatoes":2,"create:cogwheel":9,"minecraft:brown_mushroom":11,"minecraft:kelp_plant":16,"minecraft:crimson_nylium":27,"minecraft:soul_fire":17,"minecraft:torch":15,"minecraft:blast_furnace":10,"create:scoria":44,"iceandfire:sapphire_ore":3,"minecraft:glass":175,"minecraft:sugar_cane":48,"wildberries:blackberry_bush_stage_3":5,"minecraft:skeleton_skull":1,"minecraft:repeater":10,"create:portable_storage_interface":1,"iceandfire:crackled_stone":7,"minecraft:wheat":48,"minecraft:lilac":18,"minecraft:stone_brick_stairs":3,"minecraft:pitcher_plant":19,"minecraft:wither_rose":1,"iceandfire:dragonforge_ice_input":2,"minecraft:grass":831,"create:hand_crank":4,"minecraft:smooth_basalt":29,"minecraft:stonecutter":1,"create:linear_chassis":211,"minecraft:piston":5,"minecraft:deepslate":2133,"create:zinc_ore":61,"iceandfire:silver_ore":1,"minecraft:cherry_sapling":1,"minecraft:dark_oak_log":125,"minecraft:end_stone":25,"create:fluid_tank":4,"minecraft:nether_bricks":5,"minecraft:allium":1,"vinery:stackable_log":4,"minecraft:spruce_fence":14,"minecraft:redstone_wire":4,"minecraft:kelp":1,"the_bumblezone:carvable_wax":1,"minecraft:cartography_table":2,"the_bumblezone:filled_porous_honeycomb_block":35,"minecraft:moss_block":4,"minecraft:horn_coral":2,"farmersdelight:wild_onions":4,"supplementaries:rope":1,"minecraft:redstone_ore":1,"create:shaft":27,"minecraft:snow":238,"minecraft:andesite":1669,"minecraft:vine":1,"create:cart_assembler":11,"minecraft:rail":12,"minecraft:brain_coral_wall_fan":1,"create:deployer":14,"vinery:grapevine_stem":2,"the_bumblezone:honey_crystal":9,"iceandfire:frost_lily":6,"minecraft:redstone_block":4,"minecraft:comparator":13,"minecraft:soul_sand":138,"minecraft:stone_brick_slab":2,"minecraft:observer":1,"minecraft:dandelion":14,"wildberries:blueberry_bush_stage_1":2,"minecraft:fire_coral":1,"minecraft:cornflower":3,"create:fluid_pipe":1,"minecraft:emerald_ore":3,"create:water_wheel":7,"minecraft:campfire":1,"minecraft:copper_ore":121,"minecraft:tall_grass":157,"minecraft:deepslate_gold_ore":173,"minecraft:diorite":124,"create:water_wheel_structure":1,"create:blaze_burner":1,"minecraft:coarse_dirt":1,"naturalist:duckweed":2,"minecraft:torchflower":9,"minecraft:white_carpet":1,"minecraft:spruce_log":1717,"hauntedharvest:corn_base":5,"create:crushing_wheel":4,"create:mechanical_drill":164,"create:mechanical_bearing":6,"iceandfire:silver_pile":2,"minecraft:gravel":563,"minecraft:dripstone_block":19,"minecraft:cobweb":95,"minecraft:stone_bricks":30,"minecraft:gold_ore":14,"minecraft:chipped_anvil":1,"create:deepslate_zinc_ore":15,"minecraft:spruce_planks":74,"minecraft:oak_sapling":15,"minecraft:sculk_vein":15,"minecraft:brewing_stand":1,"the_bumblezone:beehive_beeswax":146,"minecraft:spruce_trapdoor":5,"minecraft:grass_block":768,"iceandfire:lectern":1,"iceandfire:dread_spawner":10,"minecraft:soul_soil":152,"minecraft:composter":4,"iceandfire:crackled_cobblestone":9,"minecraft:raw_iron_block":1,"minecraft:sculk_catalyst":2,"minecraft:iron_ore":247,"minecraft:anvil":5,"minecraft:azure_bluet":2,"minecraft:pointed_dripstone":7,"minecraft:green_bed":2,"iceandfire:chared_cobblestone":40,"minecraft:deepslate_redstone_ore":98,"hauntedharvest:corn_middle":2,"minecraft:blackstone":217,"create:adjustable_chain_gearshift":3,"minecraft:clay":14,"iceandfire:dragon_ice_spikes":185,"wildberries:blueberry_bush_stage_3":21,"minecraft:calcite":4,"minecraft:poppy":4,"minecraft:chest":26,"iceandfire:frozen_dirt":2,"iceandfire:fire_lily":6,"create:brass_casing":18,"supplementaries:wild_flax":1,"minecraft:nether_quartz_ore":692,"minecraft:cobblestone":94,"minecraft:honeycomb_block":91,"minecraft:slime_block":5,"minecraft:grindstone":2,"minecraft:oak_planks":10,"minecraft:wall_torch":3,"the_bumblezone:porous_honeycomb_block":3,"minecraft:deepslate_copper_ore":12,"minecraft:pink_petals":3,"minecraft:seagrass":1,"minecraft:warped_nylium":15,"minecraft:nether_wart_block":4,"minecraft:tnt":2,"minecraft:oak_log":448,"minecraft:sand":573,"minecraft:dirt":255,"create:encased_chain_drive":24,"minecraft:dispenser":6,"minecraft:netherrack":14153,"minecraft:ancient_debris":18,"iceandfire:dread_stone_bricks":3,"minecraft:oak_leaves":121,"iceandfire:chared_stone":70,"minecraft:crying_obsidian":1,"iceandfire:lightning_lily":8,"minecraft:nether_gold_ore":91,"minecraft:diamond_ore":2,"minecraft:tuff":136,"minecraft:deepslate_diamond_ore":89,"the_bumblezone:glistering_honey_crystal":10,"iceandfire:frozen_cobblestone":71,"minecraft:lever":12,"iceandfire:frozen_stone":144,"minecraft:weeping_vines":4,"minecraft:spruce_leaves":57,"iceandfire:dragonforge_ice_brick":14,"minecraft:spruce_sapling":6,"minecraft:furnace":6,"minecraft:carrots":51,"create:scorchia":46,"minecraft:stripped_spruce_log":27,"iceandfire:dragon_bone_block":10,"minecraft:bell":1,"minecraft:gold_block":2,"minecraft:peony":15,"minecraft:nether_brick_fence":2,"minecraft:bookshelf":4066,"farmersdelight:rope":4,"minecraft:deepslate_iron_ore":196,"minecraft:lantern":3,"minecraft:packed_ice":7,"minecraft:white_tulip":2,"minecraft:stone":3219,"sophisticatedbackpacks:backpack":1,"minecraft:redstone_wall_torch":1,"minecraft:magenta_stained_glass":4,"minecraft:basalt":147,"minecraft:crafting_table":35,"nethersdelight:mimicarnation":4,"vinery:cherry_log":6,"minecraft:rose_bush":13,"minecraft:sculk_sensor":9,"minecraft:lectern":30,"minecraft:deepslate_coal_ore":2,"minecraft:lapis_ore":4,"minecraft:polished_blackstone_brick_stairs":1,"minecraft:sculk":320,"supplementaries:cage":2,"supplementaries:urn":79,"minecraft:spruce_stairs":4,"farmersdelight:wild_beetroots":1,"minecraft:sea_pickle":5,"minecraft:sweet_berry_bush":24,"minecraft:ice":80,"iceandfire:dragonforge_fire_brick":1,"minecraft:coal_ore":109,"minecraft:end_rod":2,"minecraft:cherry_leaves":1},"minecraft:killed":{"minecraft:cave_spider":28,"rats:demon_rat":6,"minecraft:cod":1,"the_bumblezone:honey_slime":8,"minecraft:shulker":28,"minecraft:skeleton":158,"minecraft:chicken":1,"alexsmobs:straddler":6,"alexsmobs:laviathan":1,"alexsmobs:centipede_head":1,"minecraft:magma_cube":2,"naturalist:firefly":1,"minecraft:ender_dragon":1,"rats:rat":2,"minecraft:pillager":8,"alexsmobs:flutter":1,"minecraft:zombie":182,"iceandfire:dread_ghoul":4,"minecraft:glow_squid":1,"iceandfire:lightning_dragon":2,"minecraft:cow":557,"mca:female_zombie_villager":1,"alexsmobs:blobfish":12,"mca:male_zombie_villager":2,"iceandfire:dread_beast":3,"iceandfire:siren":3,"minecraft:warden":5,"alexsmobs:rocky_roller":2,"hamsters:hamster":1,"minecraft:frog":1,"alexsmobs:catfish":1,"iceandfire:ghost":2,"iceandfire:ice_dragon":16,"naturalist:lizard":1,"minecraft:enderman":40,"minecraft:zombified_piglin":10,"minecraft:witch":1,"alexsmobs:anaconda":1,"alexsmobs:cosmic_cod":7,"minecraft:spider":54,"naturalist:snail":1,"minecraft:piglin_brute":5,"artifacts:mimic":24,"minecraft:piglin":19,"minecraft:pig":9,"alexsmobs:stradpole":4,"minecraft:creeper":55,"alexsmobs:crimson_mosquito":5,"alexsmobs:warped_toad":2,"minecraft:sheep":6,"minecraft:trader_llama":2,"minecraft:ghast":7,"minecraft:stray":4,"iceandfire:pixie":2,"minecraft:blaze":38,"alexsmobs:bone_serpent":5,"alexsmobs:dropbear":20,"alexsmobs:mimicube":8,"alexsmobs:tiger":1,"minecraft:slime":37,"iceandfire:dread_thrall":11,"iceandfire:fire_dragon":17,"alexsmobs:comb_jelly":1,"alexsmobs:soul_vulture":3,"alexsmobs:bison":1,"minecraft:drowned":11,"alexsmobs:skreecher":1,"vinery:wandering_winemaker":1,"the_bumblezone:rootmin":1,"minecraft:hoglin":3,"minecraft:squid":6,"aquamirae:anglerfish":1,"alexsmobs:moose":2,"alexsmobs:crow":1,"minecraft:wither_skeleton":4,"naturalist:sparrow":1},"minecraft:picked_up":{"iceandfire:dread_stone_bricks":3,"minecraft:anvil":5,"minecraft:prismarine_shard":5,"artifacts:bunny_hoppers":2,"minecraft:lead":8,"minecraft:diamond_sword":1,"minecraft:wither_rose":1,"minecraft:enchanted_book":1,"alexsmobs:bone_serpent_tooth":8,"minecraft:brewing_stand":1,"minecraft:golden_sword":28,"iceandfire:manuscript":3,"wildberries:raspberry":8,"minecraft:string":184,"minecraft:soul_soil":162,"create:limestone":2,"minecraft:orange_glazed_terracotta":1,"minecraft:sculk_shrieker":2,"create:water_wheel":7,"minecraft:spruce_planks":83,"create:cart_assembler":11,"minecraft:gold_nugget":4160,"minecraft:cobbled_deepslate":1983,"iceandfire:dragonforge_ice_brick":14,"minecraft:diamond_ore":1,"artifacts:universal_attractor":2,"minecraft:composter":4,"minecraft:green_bed":2,"create:andesite_casing":190,"iceandfire:lightning_dragon_flesh":7,"minecraft:honeycomb_block":91,"minecraft:cherry_log":321,"aquamirae:esca":1,"iceandfire:lightning_lily":8,"artifacts:lucky_scarf":1,"artifacts:villager_hat":1,"create:scoria":63,"farmersdelight:onion":5,"iceandfire:fire_dragon_heart":9,"farmersdelight:rope":21,"minecraft:end_rod":2,"supplementaries:ash":29,"minecraft:blaze_rod":73,"minecraft:snowball":288,"iceandfire:dragonscales_black":42,"minecraft:birch_log":1,"minecraft:furnace_minecart":9,"iceandfire:sapphire_gem":2,"minecraft:magma_block":6841,"minecraft:feather":1,"minecraft:brown_wool":1,"artifacts:thorn_pendant":1,"minecraft:flint":56,"iceandfire:dragonegg_sapphire":2,"minecraft:lantern":3,"artifacts:flippers":1,"aquamirae:fin":1,"create:encased_chain_drive":24,"create:mechanical_plough":3,"minecraft:chipped_anvil":1,"minecraft:stonecutter":1,"create:mechanical_drill":164,"vinery:grapevine_stem":4,"create:shaft":32,"minecraft:diamond_helmet":1,"artifacts:antidote_vessel":2,"minecraft:moss_block":4,"minecraft:honeycomb":69,"iceandfire:dragonscales_sapphire":20,"iceandfire:dragon_skull_fire":8,"iceandfire:shiny_scales":5,"minecraft:stripped_spruce_log":27,"sophisticatedbackpacks:iron_backpack":2,"minecraft:ink_sac":14,"iceandfire:lightning_dragon_heart":2,"minecraft:dark_oak_log":122,"naturalist:duck_egg":1,"iceandfire:chared_cobblestone":21,"minecraft:bundle":2,"minecraft:dispenser":6,"minecraft:deepslate":52,"iceandfire:crackled_stone":7,"iceandfire:lectern":1,"minecraft:lever":19,"minecraft:deepslate_gold_ore":25,"minecraft:granite":125,"minecraft:bread":2,"minecraft:crimson_roots":1,"iceandfire:raw_silver":2,"minecraft:diamond_pickaxe":1,"the_bumblezone:porous_honeycomb_block":34,"create:copper_sheet":18,"iceandfire:dragon_skull_lightning":2,"minecraft:crafting_table":35,"minecraft:coarse_dirt":1,"minecraft:clay_ball":56,"minecraft:dragon_head":1,"paraglider:heart_container":1,"minecraft:fire_coral":1,"minecraft:elytra":1,"minecraft:cornflower":3,"minecraft:red_bed":1,"create:fluid_pipe":1,"artifacts:power_glove":2,"create:scorchia":46,"minecraft:white_carpet":1,"vinery:cherry_sapling":6,"minecraft:cartography_table":2,"minecraft:deepslate_diamond_ore":7,"minecraft:beef":1707,"iceandfire:dread_shard":12,"vinery:cherry":2,"minecraft:iron_nugget":83,"minecraft:poppy":7,"minecraft:minecart":72,"supplementaries:rope":32,"minecraft:chest":27,"minecraft:birch_sapling":3,"minecraft:piston":6,"minecraft:copper_ore":4,"minecraft:egg":3,"minecraft:sandstone":1,"minecraft:stone":1079,"artifacts:charm_of_sinking":2,"sophisticatedbackpacks:backpack":8,"minecraft:spruce_fence":21,"minecraft:white_dye":4,"minecraft:cake":1,"minecraft:carrot":199,"minecraft:redstone":617,"create:brass_casing":18,"minecraft:prismarine_crystals":3,"iceandfire:dragon_skull_ice":7,"minecraft:tnt":3,"iceandfire:dragonegg_electric":1,"artifacts:everlasting_beef":1,"minecraft:peony":15,"iceandfire:dragonscales_silver":229,"minecraft:deepslate_bricks":883,"rats:cooked_rat":3,"tombstone:essence_of_undeath":2,"minecraft:tube_coral_block":14,"artifacts:pocket_piston":2,"sophisticatedbackpacks:copper_backpack":2,"minecraft:glow_berries":3,"minecraft:mutton":8,"minecraft:white_wool":4,"minecraft:bone_block":15,"minecraft:rail":35,"minecraft:oxeye_daisy":4,"create:iron_sheet":16,"create:brass_sheet":2,"vinery:stackable_log":4,"vinery:rotten_cherry":2,"alexsmobs:skreecher_soul":1,"minecraft:torchflower":9,"wildberries:blackberry":5,"supplementaries:urn":2,"minecraft:oak_log":447,"minecraft:ancient_debris":17,"vinery:taiga_grapes_red":5,"iceandfire:dragonscales_blue":10,"farmersdelight:flint_knife":4,"tombstone:gift":2,"minecraft:white_banner":1,"create:crushing_wheel":4,"minecraft:kelp":146,"minecraft:apple":35,"minecraft:stone_bricks":33,"minecraft:iron_ore":30,"tombstone:bag_of_seeds":2,"artifacts:steadfast_spikes":1,"the_bumblezone:crystalline_flower":5,"iceandfire:chared_stone":49,"minecraft:smooth_basalt":25,"hauntedharvest:corn":17,"minecraft:milk_bucket":4,"minecraft:sweet_berries":46,"vinery:taiga_grape_seeds_red":10,"minecraft:gravel":381,"minecraft:spruce_sapling":379,"minecraft:spruce_log":1674,"minecraft:crying_obsidian":1,"minecraft:dragon_egg":1,"minecraft:leather_helmet":1,"iceandfire:dragonscales_copper":15,"the_bumblezone:filled_porous_honeycomb_block":4,"minecraft:diamond_shovel":1,"minecraft:coal_ore":5,"minecraft:slime_ball":81,"hauntedharvest:rotten_apple":4,"iceandfire:dragonforge_ice_input":2,"iceandfire:ice_dragon_flesh":28,"create:portable_storage_interface":1,"minecraft:warped_roots":2,"minecraft:warped_nylium":2,"minecraft:pink_dye":22,"minecraft:hopper":3,"minecraft:ender_pearl":72,"minecraft:shulker_shell":21,"alexsmobs:cosmic_cod":7,"minecraft:wheat":49,"minecraft:nether_brick_fence":2,"minecraft:redstone_block":4,"the_bumblezone:honey_crystal_shards":381,"iceandfire:dragonegg_white":1,"minecraft:stone_brick_stairs":3,"minecraft:raw_copper":981,"minecraft:sticky_piston":1,"alexsmobs:dropbear_claw":14,"minecraft:sea_pickle":11,"alexsmobs:blood_sac":2,"the_bumblezone:honey_crystal":4,"create:mechanical_press":2,"minecraft:comparator":13,"minecraft:bucket":1,"comforts:sleeping_bag_white":14,"iceandfire:frost_lily":6,"minecraft:white_tulip":7,"minecraft:rose_bush":11,"minecraft:iron_pickaxe":1,"iceandfire:dragonscales_red":119,"minecraft:deepslate_iron_ore":35,"minecraft:furnace":6,"minecraft:stick":395,"minecraft:torch":113,"iceandfire:dragonscales_white":44,"minecraft:spruce_stairs":4,"deeperdarker:heart_of_the_deep":5,"ends_delight:chorus_succulent":17,"minecraft:porkchop":18,"tombstone:grave_dust":52,"minecraft:pointed_dripstone":31,"minecraft:diorite":103,"minecraft:rotten_flesh":247,"the_bumblezone:carvable_wax_flower":1,"supplementaries:antique_ink":6,"create:veridium":1,"artifacts:panic_necklace":1,"minecraft:fire_coral_fan":1,"minecraft:obsidian":80,"minecraft:deepslate_brick_stairs":4,"create:speedometer":8,"minecraft:cobblestone":3335,"minecraft:nautilus_shell":1,"minecraft:pink_petals":12,"minecraft:repeater":16,"tombstone:easter_egg":43,"minecraft:lilac":18,"minecraft:magma_cream":7,"create:fluid_tank":4,"minecraft:andesite":1635,"wildberries:cranberries":2,"minecraft:potato":4,"paraglider:spirit_orb":36,"create:belt_connector":6,"minecraft:tuff":106,"create:raw_zinc":173,"supplementaries:flax_seeds":12,"minecraft:horn_coral":2,"rats:raw_rat":2,"minecraft:lapis_lazuli":206,"minecraft:dirt":1074,"iceandfire:dragonscales_bronze":20,"minecraft:name_tag":1,"minecraft:leather_boots":1,"minecraft:glass":165,"minecraft:bone":339,"minecraft:bow":11,"minecraft:wheat_seeds":449,"minecraft:raw_gold":314,"minecraft:bell":1,"minecraft:grindstone":2,"alexsmobs:blobfish":12,"minecraft:oak_planks":9,"iceandfire:dragonforge_fire_brick":1,"create:cogwheel":9,"vinery:white_grape":6,"minecraft:sand":570,"iceandfire:frozen_dirt":1,"iceandfire:dragon_bone_block":10,"alexsmobs:mimicream":2,"minecraft:sugar":2,"minecraft:diamond":203,"minecraft:slime_block":7,"iceandfire:dragon_ice":2,"minecraft:crossbow":1,"minecraft:bone_meal":17,"minecraft:emerald":54,"minecraft:oak_sapling":213,"minecraft:netherrack":11159,"iceandfire:silver_nugget":170,"minecraft:oak_leaves":103,"nethersdelight:hoglin_loin":6,"minecraft:charcoal":2,"minecraft:allium":6,"minecraft:azure_bluet":3,"artifacts:night_vision_goggles":1,"minecraft:ladder":56,"iceandfire:fire_lily":6,"minecraft:brown_mushroom":10,"minecraft:gold_block":2,"minecraft:diamond_horse_armor":3,"iceandfire:frozen_cobblestone":30,"minecraft:chain":2,"minecraft:oak_trapdoor":2,"iceandfire:frozen_stone":115,"minecraft:iron_axe":1,"artifacts:feral_claws":1,"minecraft:blackstone":196,"deeperdarker:warden_carapace":10,"minecraft:detector_rail":1,"minecraft:echo_shard":6,"minecraft:oak_boat":3,"create:zinc_ore":2,"minecraft:observer":1,"minecraft:lectern":30,"supplementaries:cage":5,"minecraft:sugar_cane":83,"create:linear_chassis":208,"minecraft:spruce_trapdoor":4,"iceandfire:ice_dragon_heart":5,"minecraft:end_stone":25,"minecraft:dark_oak_sapling":5,"iceandfire:dragonscales_gray":83,"minecraft:raw_iron":728,"minecraft:orange_dye":1,"iceandfire:dragonbone":422,"iceandfire:dragonscales_green":195,"create:golden_sheet":16,"minecraft:copper_ingot":2,"minecraft:polished_blackstone_bricks":3,"create:hand_crank":5,"create:zinc_ingot":20,"create:deployer":16,"minecraft:arrow":169,"minecraft:nether_bricks":1,"the_bumblezone:glistering_honey_crystal":8,"artifacts:running_shoes":1,"minecraft:pink_tulip":11,"minecraft:saddle":1,"minecraft:skeleton_skull":2,"iceandfire:dragonegg_green":2,"minecraft:basalt":432,"artifacts:digging_claws":1,"minecraft:glow_ink_sac":7,"minecraft:leather":1134,"wildberries:blueberries":67,"minecraft:ice":8,"minecraft:crimson_fungus":1,"minecraft:cobblestone_wall":1,"minecraft:gunpowder":294,"minecraft:nether_wart_block":3,"artifacts:cloud_in_a_bottle":1,"create:blaze_burner":1,"minecraft:cooked_mutton":5,"iceandfire:dragon_stick":1,"create:adjustable_chain_gearshift":5,"minecraft:iron_ingot":150,"minecraft:sculk_catalyst":5,"iceandfire:fire_dragon_flesh":37,"minecraft:soul_sand":189,"iceandfire:crackled_cobblestone":9,"minecraft:book":12102,"iceandfire:dragonegg_black":1,"create:mechanical_bearing":6,"minecraft:nether_quartz_ore":35,"create:large_water_wheel":1,"the_bumblezone:beehive_beeswax":63,"iceandfire:dragon_ice_spikes":58,"minecraft:pitcher_plant":19,"minecraft:pumpkin":14,"minecraft:dandelion":19,"minecraft:raw_iron_block":1,"minecraft:stone_brick_slab":2,"iceandfire:ash":1,"minecraft:quartz":517,"minecraft:dripstone_block":36,"minecraft:lava_bucket":1,"minecraft:brain_coral_fan":1,"minecraft:blast_furnace":10,"minecraft:gold_ore":2,"artifacts:scarf_of_invisibility":1,"minecraft:spider_eye":29,"create:wheat_flour":22,"rats:nether_cheese":3,"alexsmobs:raw_catfish":2,"minecraft:lime_dye":1,"minecraft:iron_helmet":1,"minecraft:cherry_sapling":216,"tombstone:magic_scroll":9,"minecraft:coal":250},"minecraft:dropped":{"iceandfire:chared_stone":47,"iceandfire:raw_silver":2,"minecraft:lapis_lazuli":3,"minecraft:warped_roots":2,"minecraft:emerald":8,"minecraft:dirt":136,"minecraft:red_bed":1,"create:scorchia":1,"minecraft:chain":1,"minecraft:gold_nugget":99,"minecraft:bone_meal":17,"minecraft:sand":4,"minecraft:iron_pickaxe":1,"minecraft:bone":327,"minecraft:iron_nugget":59,"minecraft:cobbled_deepslate":132,"minecraft:wheat":11,"minecraft:birch_sapling":3,"minecraft:rotten_flesh":351,"minecraft:oak_planks":1,"iceandfire:shiny_scales":5,"minecraft:echo_shard":6,"iceandfire:sapphire_gem":1,"supplementaries:flax_seeds":1,"alexsmobs:blood_sac":1,"tombstone:easter_egg":13,"create:scoria":35,"minecraft:coal_ore":3,"iceandfire:manuscript":1,"minecraft:iron_ingot":127,"minecraft:wheat_seeds":94,"minecraft:dripstone_block":15,"minecraft:prismarine_crystals":3,"minecraft:cobblestone":74,"minecraft:feather":1,"minecraft:granite":44,"minecraft:coal":6,"minecraft:lava_bucket":4,"minecraft:golden_carrot":1,"minecraft:cherry_planks":2,"minecraft:string":177,"minecraft:spruce_sapling":137,"iceandfire:dragon_skull_fire":3,"create:raw_zinc":20,"iceandfire:frozen_cobblestone":19,"minecraft:pink_tulip":11,"iceandfire:silver_nugget":94,"minecraft:soul_soil":142,"minecraft:deepslate":42,"minecraft:white_carpet":1,"iceandfire:dragon_skull_ice":3,"minecraft:spruce_fence":6,"iceandfire:dragon_ice":4,"minecraft:diamond_sword":1,"minecraft:potato":2,"minecraft:stone":78,"minecraft:allium":4,"minecraft:spruce_planks":1,"minecraft:bundle":2,"create:zinc_ingot":185,"minecraft:diamond_pickaxe":1,"rats:cooked_rat":2,"minecraft:spider_eye":21,"minecraft:sandstone":1,"minecraft:bow":5,"iceandfire:crackled_stone":7,"minecraft:magma_block":2,"minecraft:soul_sand":166,"minecraft:orange_dye":1,"iceandfire:ice_dragon_flesh":4,"iceandfire:fire_dragon_flesh":3,"farmersdelight:rice":1,"minecraft:flint":12,"minecraft:ice":5,"minecraft:snowball":50,"minecraft:birch_log":1,"minecraft:gold_ingot":20,"minecraft:crimson_fungus":1,"minecraft:gravel":281,"minecraft:white_tulip":7,"iceandfire:dragon_ice_spikes":21,"minecraft:blackstone":108,"minecraft:pointed_dripstone":5,"minecraft:diamond_shovel":1,"iceandfire:frozen_stone":57,"supplementaries:ash":18,"minecraft:gunpowder":412,"minecraft:chest":1,"create:brass_ingot":16,"create:wheat_flour":42,"minecraft:basalt":402,"minecraft:arrow":307,"minecraft:quartz":993,"minecraft:netherrack":7233,"minecraft:bread":1,"minecraft:minecart":71,"minecraft:prismarine_shard":5,"minecraft:copper_ingot":177,"minecraft:stick":48,"minecraft:diorite":41,"minecraft:torch":3,"tombstone:grave_dust":11,"minecraft:iron_axe":1,"minecraft:pink_petals":4,"rats:raw_rat":2,"minecraft:bucket":1,"minecraft:dandelion":2,"minecraft:smooth_basalt":5,"minecraft:raw_copper":60,"minecraft:tuff":88,"minecraft:raw_iron":2,"minecraft:copper_ore":4,"farmersdelight:flint_knife":12,"iceandfire:chared_cobblestone":19,"minecraft:andesite":23,"minecraft:oak_sapling":10,"minecraft:golden_sword":28,"minecraft:spruce_log":35,"iceandfire:fire_dragon_heart":3,"minecraft:wooden_pickaxe":1,"minecraft:nether_quartz_ore":1,"minecraft:magma_cream":7},"minecraft:used":{"iceandfire:lectern":1,"minecraft:peony":10,"minecraft:moss_block":2,"create:deployer":18,"iceandfire:dragonforge_fire_input":1,"minecraft:elytra":2,"minecraft:dispenser":22,"minecraft:spruce_slab":51,"sophisticatedbackpacks:copper_backpack":7,"minecraft:ladder":219,"minecraft:chest":152,"minecraft:stone":271,"the_bumblezone:glistering_honey_crystal":4,"create:fluid_tank":11,"minecraft:soul_sand":1,"create:mechanical_crafter":22,"minecraft:allium":2,"create:depot":1,"minecraft:stripped_spruce_log":8,"iceandfire:dragonegg_green":1,"minecraft:lava_bucket":26,"minecraft:netherite_shovel":1370,"minecraft:stone_brick_stairs":17,"minecraft:snow":60,"minecraft:bow":599,"create:steam_engine":1,"create:shaft":51,"minecraft:furnace":10,"minecraft:oak_sapling":68,"iceandfire:frozen_cobblestone":15,"minecraft:diorite":14,"minecraft:spruce_door":2,"minecraft:blackstone":2,"iceandfire:dread_stone_bricks":2,"minecraft:wooden_pickaxe":7,"minecraft:composter":5,"iceandfire:frozen_dirt":1,"naturalist:duck_egg":1,"minecraft:oak_leaves":44,"minecraft:golden_apple":4,"minecraft:sand":26,"iceandfire:dragonforge_ice_input":1,"minecraft:blast_furnace":5,"minecraft:deepslate_brick_stairs":4,"minecraft:deepslate_iron_ore":35,"minecraft:lectern":32,"create:adjustable_chain_gearshift":9,"minecraft:diamond_ore":1,"wildberries:blueberries":37,"minecraft:diamond_sword":829,"create:basin":1,"minecraft:smithing_table":1,"iceandfire:dragon_bone_block":18,"iceandfire:dragonforge_ice_core_disabled":1,"minecraft:oak_boat":4,"minecraft:oak_trapdoor":31,"minecraft:enchanting_table":1,"iceandfire:dragonforge_ice_brick":17,"minecraft:brain_coral_fan":1,"minecraft:torch":185,"minecraft:netherrack":2866,"minecraft:anvil":7,"minecraft:nether_quartz_ore":34,"iceandfire:dragonegg_sapphire":1,"minecraft:chipped_anvil":1,"create:wrench":212,"minecraft:iron_axe":1255,"minecraft:slime_block":13,"rats:nether_cheese":3,"minecraft:smooth_basalt":14,"create:encased_chain_drive":37,"minecraft:basalt":40,"minecraft:goat_horn":1,"create:belt_connector":16,"minecraft:cobbled_deepslate":833,"tombstone:gift":7,"create:fluid_pipe":8,"comforts:sleeping_bag_white":14,"minecraft:cherry_log":8,"minecraft:observer":18,"sophisticatedbackpacks:gold_backpack":13,"minecraft:wheat_seeds":131,"minecraft:water_bucket":283,"farmersdelight:iron_knife":37,"minecraft:cartography_table":1,"minecraft:cherry_planks":64,"minecraft:fletching_table":1,"minecraft:spruce_fence_gate":1,"minecraft:gold_ore":2,"minecraft:deepslate_bricks":5059,"create:blaze_burner":6,"minecraft:polished_blackstone_bricks":3,"minecraft:rail":26,"minecraft:comparator":21,"minecraft:tnt":15,"minecraft:crafting_table":57,"minecraft:white_bed":3,"minecraft:cake":5,"minecraft:spruce_log":232,"minecraft:oak_log":224,"minecraft:ender_eye":12,"minecraft:diamond_pickaxe":19818,"minecraft:oxeye_daisy":3,"minecraft:diamond_shovel":1151,"minecraft:iron_pickaxe":713,"iceandfire:dragon_horn":206,"create:water_wheel":9,"minecraft:spruce_trapdoor":25,"iceandfire:dragonsteel_ice_sword":719,"minecraft:spruce_sapling":86,"minecraft:cobblestone":1063,"minecraft:end_portal_frame":12,"vinery:apple_tree_sapling":1,"minecraft:kelp":8,"minecraft:cherry_sapling":21,"create:scorchia":45,"minecraft:dead_tube_coral_fan":1,"minecraft:diamond_hoe":260,"create:portable_storage_interface":3,"minecraft:iron_sword":516,"create:mechanical_bearing":7,"the_bumblezone:crystalline_flower":4,"minecraft:iron_chestplate":1,"minecraft:orange_glazed_terracotta":2,"create:cogwheel":29,"iceandfire:dragonsteel_ice_leggings":1,"minecraft:carrot":4826,"iceandfire:frozen_stone":25,"minecraft:furnace_minecart":10,"minecraft:tuff":16,"create:speedometer":11,"minecraft:milk_bucket":2,"minecraft:obsidian":74,"sophisticatedbackpacks:diamond_backpack":20,"minecraft:glass":3663,"minecraft:lantern":18,"minecraft:warped_nylium":1,"create:scoria":28,"create:millstone":1,"vinery:stackable_log":4,"minecraft:hopper_minecart":4,"minecraft:stone_bricks":260,"minecraft:deepslate_diamond_ore":4,"minecraft:repeater":58,"minecraft:honeycomb_block":62,"minecraft:magma_block":5782,"rats:cooked_rat":1,"create:mechanical_drill":164,"alexsmobs:raw_catfish":2,"minecraft:diamond_boots":2,"create:crushing_wheel":6,"minecraft:stone_pickaxe":130,"minecraft:ender_pearl":4,"minecraft:redstone_block":4,"minecraft:diamond_axe":4708,"minecraft:sugar_cane":8,"minecraft:dripstone_block":1,"minecraft:end_stone":25,"minecraft:shears":103,"minecraft:sticky_piston":3,"minecraft:redstone_torch":14,"tombstone:easter_egg":19,"minecraft:lever":26,"sophisticatedbackpacks:backpack":2,"minecraft:bread":101,"minecraft:string":1,"tombstone:grave_key":26,"iceandfire:ice_dragon_flesh":1,"minecraft:gravel":17,"minecraft:andesite":103,"minecraft:chain":2,"minecraft:grindstone":2,"minecraft:oak_fence":3,"minecraft:smooth_stone_slab":4,"minecraft:rose_bush":9,"minecraft:bone_meal":3070,"the_bumblezone:sugar_water_bucket":2,"create:large_cogwheel":4,"sophisticatedbackpacks:iron_backpack":1,"minecraft:flint_and_steel":8,"minecraft:redstone":35,"minecraft:spruce_planks":362,"iceandfire:dragonsteel_ice_helmet":2,"minecraft:deepslate_gold_ore":25,"minecraft:stone_hoe":3,"minecraft:shulker_shell":2,"create:mechanical_pump":1,"minecraft:dirt":606,"create:mechanical_mixer":1,"minecraft:white_carpet":4,"minecraft:hopper":103,"tombstone:easter_egg_food":1,"minecraft:spruce_stairs":18,"minecraft:cobblestone_wall":58,"create:mechanical_plough":3,"the_bumblezone:porous_honeycomb_block":34,"minecraft:spruce_fence":73,"minecraft:granite":28,"farmersdelight:rope":4,"minecraft:iron_hoe":187,"minecraft:stone_brick_slab":8,"iceandfire:dragonforge_fire_core_disabled":1,"minecraft:bookshelf":4042,"minecraft:iron_boots":1,"vinery:grapevine_stem":2,"create:cart_assembler":11,"minecraft:golden_carrot":289,"create:radial_chassis":2,"iceandfire:dragonforge_fire_brick":18,"minecraft:minecart":98,"minecraft:netherite_pickaxe":14270,"minecraft:cooked_beef":89,"minecraft:cooked_mutton":11,"iceandfire:fire_dragon_flesh":1,"minecraft:iron_ore":30,"minecraft:polished_andesite":1,"minecraft:stonecutter":2,"iceandfire:dragonsteel_ice_boots":2,"minecraft:green_bed":2,"supplementaries:urn":2,"create:mechanical_harvester":4,"create:linear_chassis":219,"tombstone:bag_of_seeds":1,"create:mechanical_press":4,"minecraft:piston":7,"iceandfire:dragonegg_black":1,"iceandfire:dragonbone_bow":415,"supplementaries:cage":17,"minecraft:apple":1,"minecraft:netherite_axe":1602,"minecraft:detector_rail":2,"create:large_water_wheel":1,"minecraft:stone_axe":99,"minecraft:pink_petals":4,"minecraft:bucket":341,"create:hand_crank":7,"minecraft:smooth_stone":4,"iceandfire:dragonsteel_ice_chestplate":2},"minecraft:broken":{"minecraft:iron_boots":1,"minecraft:iron_chestplate":1,"minecraft:iron_leggings":1,"minecraft:iron_sword":1,"minecraft:bow":2,"minecraft:iron_axe":4,"minecraft:iron_pickaxe":2,"minecraft:iron_helmet":1,"iceandfire:armor_red_boots":1,"minecraft:stone_pickaxe":1,"iceandfire:armor_red_helmet":1,"minecraft:stone_axe":1,"create:sand_paper":1},"minecraft:crafted":{"minecraft:black_dye":1,"minecraft:smooth_stone":9,"minecraft:blaze_powder":18,"minecraft:chain":18,"minecraft:slime_block":8,"minecraft:lever":9,"sophisticatedbackpacks:crafting_upgrade":1,"minecraft:diamond_shovel":1,"minecraft:bookshelf":4062,"minecraft:cooked_mutton":6,"minecraft:iron_bars":32,"create:radial_chassis":3,"domesticationinnovation:pet_bed_brown":1,"minecraft:glass":4119,"minecraft:repeater":36,"sophisticatedbackpacks:tank_upgrade":1,"create:mechanical_press":1,"iceandfire:dragon_ice":2,"minecraft:stone_pressure_plate":1,"create:cogwheel":15,"minecraft:name_tag":173,"create:mechanical_plough":1,"minecraft:glass_bottle":168,"minecraft:furnace_minecart":2,"create:rose_quartz":14,"minecraft:emerald":12359,"minecraft:diamond_axe":1,"iceandfire:dragonscale_silver":25,"iceandfire:dragonsteel_ice_chestplate":1,"farmersdelight:iron_knife":1,"iceandfire:dragonsteel_ice_boots":1,"farmersdelight:flint_knife":8,"create:adjustable_chain_gearshift":4,"minecraft:spruce_door":3,"iceandfire:armor_red_chestplate":1,"supplementaries:cage":4,"minecraft:smithing_table":1,"minecraft:copper_ingot":420,"minecraft:sticky_piston":2,"minecraft:fletching_table":1,"create:encased_chain_drive":31,"the_bumblezone:glistering_honey_crystal":1,"create:mechanical_mixer":1,"vinery:taiga_grape_seeds_red":6,"minecraft:stone_brick_stairs":22,"minecraft:lectern":4,"minecraft:iron_pickaxe":3,"minecraft:compass":4,"iceandfire:dragonsteel_fire_helmet":1,"minecraft:iron_block":135,"minecraft:gold_ingot":1242,"create:large_cogwheel":2,"iceandfire:dragon_horn":3,"minecraft:netherite_ingot":9,"minecraft:composter":1,"minecraft:spruce_fence_gate":1,"iceandfire:dragonsteel_fire_leggings":1,"minecraft:golden_carrot":621,"minecraft:smooth_stone_slab":4,"create:wrench":2,"vinery:savanna_grape_seeds_red":6,"iceandfire:dragonsteel_ice_sword":1,"minecraft:iron_nugget":2001,"sophisticatedbackpacks:stack_upgrade_tier_3":1,"comforts:sleeping_bag_white":2,"sophisticatedbackpacks:stack_upgrade_tier_1":1,"iceandfire:dragonforge_ice_brick":16,"vinery:cherry_sapling":1,"iceandfire:dragon_flute":1,"minecraft:bone_meal":3075,"minecraft:spruce_fence":81,"iceandfire:dragonscale_gray":9,"minecraft:white_carpet":6,"tombstone:easter_egg_food":1,"minecraft:terracotta":10,"minecraft:diamond":18,"minecraft:lantern":199,"minecraft:netherite_axe":1,"minecraft:spruce_stairs":48,"minecraft:detector_rail":6,"minecraft:ladder":180,"minecraft:spruce_slab":192,"minecraft:stone_pickaxe":1,"minecraft:diamond_boots":1,"minecraft:redstone_block":121,"iceandfire:dragonsteel_fire_ingot":46,"create:electron_tube":14,"minecraft:dark_oak_planks":180,"iceandfire:dragonsteel_fire_chestplate":1,"create:belt_connector":4,"minecraft:netherite_pickaxe":1,"minecraft:enchanting_table":1,"minecraft:dried_kelp":128,"create:goggles":1,"iceandfire:dragonforge_fire_input":1,"sophisticatedbackpacks:gold_backpack":7,"minecraft:bone":30,"minecraft:orange_dye":2,"minecraft:enchanted_book":21,"iceandfire:armor_red_helmet":2,"create:speedometer":4,"minecraft:golden_apple":6,"iceandfire:dragonsteel_ice_block":4,"minecraft:chainmail_boots":1,"minecraft:iron_leggings":1,"minecraft:white_bed":3,"create:shaft":48,"iceandfire:dragonforge_fire_brick":32,"minecraft:grindstone":1,"nethersdelight:blackstone_furnace":1,"minecraft:oak_planks":340,"minecraft:barrel":16,"minecraft:cherry_slab":12,"iceandfire:lectern":1,"minecraft:stone":64,"create:mechanical_harvester":4,"minecraft:snow":60,"create:mechanical_bearing":1,"create:deployer":2,"minecraft:cake":8,"minecraft:hopper":104,"minecraft:stone_brick_slab":2,"minecraft:bow":21,"vinery:stackable_log":2,"minecraft:raw_copper":45,"create:cart_assembler":1,"tombstone:grave_key":25,"minecraft:comparator":8,"minecraft:chest":241,"minecraft:copper_block":1,"minecraft:netherite_upgrade_smithing_template":12,"minecraft:rail":32,"minecraft:stone_hoe":1,"minecraft:ender_eye":16,"minecraft:oak_fence":3,"minecraft:stone_bricks":376,"create:brass_hand":2,"mca:matchmakers_ring":2,"minecraft:raw_iron_block":109,"supplementaries:rope_arrow":7,"create:depot":1,"sophisticatedbackpacks:backpack":1,"vinery:grapevine_stem":4,"minecraft:crafting_table":37,"minecraft:spruce_planks":3051,"iceandfire:dragonsteel_ice_helmet":1,"create:fluid_pipe":8,"minecraft:wooden_pickaxe":1,"create:sand_paper":2,"iceandfire:dragonscale_white":8,"minecraft:gold_block":181,"minecraft:hopper_minecart":4,"vinery:red_grape":6,"sophisticatedbackpacks:upgrade_base":3,"iceandfire:dragonbone_bow":1,"minecraft:dispenser":16,"minecraft:apple":48,"minecraft:tnt":75,"minecraft:spruce_trapdoor":114,"minecraft:iron_chestplate":1,"minecraft:yellow_dye":1,"minecraft:paper":3,"minecraft:emerald_block":678,"create:water_wheel":3,"create:portable_storage_interface":2,"iceandfire:dragonscale_bronze":2,"create:super_glue":1,"sophisticatedbackpacks:diamond_backpack":5,"minecraft:stick":739,"create:mechanical_pump":1,"minecraft:iron_ingot":2379,"minecraft:snow_block":56,"vinery:apple_tree_sapling":6,"minecraft:redstone_torch":111,"iceandfire:dragonforge_fire_core_disabled":1,"vinery:jungle_grape_seeds_red":6,"minecraft:deepslate_bricks":3012,"minecraft:shears":1,"minecraft:orange_glazed_terracotta":8,"create:empty_blaze_burner":5,"minecraft:polished_andesite":4,"create:chute":8,"minecraft:cherry_planks":408,"minecraft:cookie":144,"minecraft:redstone":225,"minecraft:raw_iron":1035,"create:steam_engine":1,"iceandfire:dragonsteel_fire_boots":1,"iceandfire:dragon_stick":1,"iceandfire:dragonscale_green":25,"minecraft:furnace":8,"minecraft:piston":8,"iceandfire:dragonsteel_ice_leggings":1,"minecraft:raw_copper_block":74,"minecraft:diamond_block":19,"minecraft:oak_trapdoor":38,"minecraft:flint_and_steel":5,"minecraft:polished_deepslate":3012,"minecraft:iron_axe":6,"minecraft:iron_hoe":2,"minecraft:slime_ball":1,"create:millstone":1,"minecraft:orange_terracotta":8,"iceandfire:armor_red_leggings":1,"create:fluid_tank":16,"minecraft:cobblestone_wall":6,"sophisticatedbackpacks:stack_upgrade_tier_2":1,"create:basin":1,"iceandfire:dragon_bone_block":8,"iceandfire:armor_red_boots":2,"minecraft:netherite_scrap":35,"minecraft:observer":17,"minecraft:minecart":103,"sophisticatedbackpacks:iron_backpack":6,"minecraft:cooked_beef":90,"iceandfire:dragonscale_red":9,"minecraft:red_dye":1,"create:andesite_alloy":735,"create:hand_crank":2,"minecraft:diamond_sword":1,"iceandfire:dragon_meal":368,"minecraft:iron_sword":2,"create:large_water_wheel":1,"iceandfire:dragonforge_ice_core_disabled":1,"vinery:white_grape_seeds":9,"minecraft:bucket":24,"minecraft:stone_axe":1,"minecraft:air":0,"minecraft:oak_boat":1,"iceandfire:bestiary":1,"vinery:taiga_grape_seeds_white":6,"iceandfire:dragonscales_white":36,"minecraft:white_wool":9,"create:whisk":1,"minecraft:white_dye":1,"create:linear_chassis":141,"create:mechanical_crafter":24,"minecraft:netherite_shovel":1,"minecraft:anvil":4,"minecraft:stonecutter":1,"create:mechanical_drill":110,"vinery:white_grapejuice_wine_bottle":6,"iceandfire:dragonsteel_ice_ingot":72,"minecraft:torch":64,"create:zinc_ingot":107,"minecraft:lapis_lazuli":81,"minecraft:clay":14,"minecraft:lapis_block":21},"minecraft:custom":{"minecraft:interact_with_crafting_table":1263,"minecraft:open_barrel":142,"goblintraders:trade_with_goblin":1223,"minecraft:bell_ring":4,"minecraft:eat_cake_slice":32,"minecraft:leave_game":35,"minecraft:time_since_death":272262,"minecraft:play_time":3999768,"minecraft:deaths":55,"minecraft:jump":43402,"minecraft:enchant_item":80,"minecraft:interact_with_furnace":212,"minecraft:traded_with_villager":15918,"minecraft:interact_with_cartography_table":1,"minecraft:sleep_in_bed":124,"tombstone:sneak_grave":1,"the_bumblezone:interact_with_crystalline_flower":55,"minecraft:damage_dealt":248537,"tombstone:undead_killed":400,"minecraft:interact_with_smithing_table":8,"minecraft:inspect_dispenser":17,"minecraft:horse_one_cm":14714,"minecraft:interact_with_anvil":107,"minecraft:inspect_hopper":141,"minecraft:damage_dealt_absorbed":640,"minecraft:sneak_time":342959,"minecraft:interact_with_blast_furnace":19,"minecraft:total_world_time":3999768,"tombstone:raider_killed":9,"minecraft:interact_with_stonecutter":9,"minecraft:time_since_rest":38853,"minecraft:swim_one_cm":1036642,"minecraft:fly_one_cm":17629173,"minecraft:open_chest":2884,"minecraft:fall_one_cm":4321517,"minecraft:animals_bred":593,"minecraft:damage_resisted":88,"minecraft:sprint_one_cm":5992120,"minecraft:drop":778,"minecraft:talked_to_villager":422,"minecraft:walk_on_water_one_cm":487059,"minecraft:open_enderchest":1,"minecraft:crouch_one_cm":1393092,"tombstone:villager_killed":1,"minecraft:mob_kills":5234,"minecraft:interact_with_campfire":5,"minecraft:damage_dealt_resisted":757,"minecraft:climb_one_cm":415739,"minecraft:walk_one_cm":7221671,"minecraft:walk_under_water_one_cm":522826,"minecraft:interact_with_grindstone":23,"minecraft:damage_absorbed":160,"minecraft:damage_taken":65054,"minecraft:trigger_trapped_chest":3,"minecraft:aviate_one_cm":396119}},"DataVersion":3465}